{
    "responses": {
        "greeting": ["مرحباً! كيف يمكنني مساعدتك؟", "أهلاً بك في آيديا! ما الذي تبحث عنه؟"],
        "services": ["نقدم خدمات التسويق الرقمي، التصميم الإبداعي، والتطوير التقني"],
        "pricing": ["يمكنك الاطلاع على باقاتنا في الصفحة الرئيسية أو طلب عرض سعر مخصص"],
        "contact": ["يمكنك التواصل معنا على 773171477 أو info@ideateeam.com"]
    }
}

