{ "v": "5.7.4", "fr": 60, "ip": 0, "op": 120, "w": 200, "h": 200, "nm": "Technical Icon", "ddd": 0, "assets": [], "layers": [ { "ddd": 0, "ind": 0, "ty": 4, "nm": "Gear", "sr": 1, "ks": { "o": { "a": 0, "k": 100, "ix": 11 }, "r": { "a": 0, "k": 0, "ix": 10 }, "p": { "a": 0, "k": [100, 100, 0], "ix": 2 }, "a": { "a": 0, "k": [100, 100, 0], "ix": 1 }, "s": { "a": 0, "k": [100, 100, 100], "ix": 6 } }, "ao": 0, "shapes": [ { "ty": "gr", "it": [ { "ind": 0, "ty": "sh", "ix": 1, "ks": { "a": 0, "k": { "i": [ [0, 0], [0, 0] ], "o": [ [0, 0], [0, 0] ], "v": [ [100, 100], [100, 0], [0, 0], [0, 100] ] }, "ix": 2 }, "nm": "Rectangle Path 1", "mn": "ADBE Vector Shape - Group", "hd": false }, { "ty": "fl", "c": { "a": 0, "k": [0.827, 0.694, 0.427, 1], "ix": 4 }, "o": { "a": 0, "k": 100, "ix": 5 }, "r": 1, "nm": "Fill 1", "mn": "ADBE Vector Graphic - Fill", "hd": false }, { "ty": "st", "c": { "a": 0, "k": [0.545, 0.271, 0.075, 1], "ix": 3 }, "o": { "a": 0, "k": 100, "ix": 4 }, "w": { "a": 0, "k": 5, "ix": 5 }, "lc": 1, "lj": 1, "ml": 4, "nm": "Stroke 1", "mn": "ADBE Vector Graphic - Stroke", "hd": false } ], "nm": "Group 1", "mn": "ADBE Vector Group", "hd": false } ], "ip": 0, "op": 120, "st": 0, "bm": 0 } ] }

